Team,Year,Team Valuation,Revenue,Operating Income,Player Expenses,Gate Receipts,Metro Area Population,Stadium Year Built,Stadium Age,Average Attendance,Average Ticket Price,Fan Cost Index,Record Percentage,# of All-Stars,MVP/Cy Young Winner,Playoff Appearance,World Series Championship
Chicago White Sox,2018,1500,266,30.0,119,48,9.5,1991,27,20117,30,216.90,0.4136,1,None,None,0
Chicago White Sox,2017,1350,269,42.0,142,51,9.5,1991,26,21559,29,229.50,0.4815,2,None,None,0
Chicago White Sox,2016,1050,240,20.2,135,46,9.5,1991,25,21677,26,208.18,0.4691,1,None,None,0
Chicago White Sox,2015,975,227,31.9,112,43,9.5,1991,24,20381,26,210.18,0.4506,3,None,None,0
Chicago White Sox,2014,695,210,-2.7,132,47,9.5,1991,23,21832,26,210.18,0.3889,2,None,None,0
Chicago White Sox,2013,692,216,22.9,115,61,9.5,1991,22,24271,29,222.98,0.5247,4,None,None,0
Chicago White Sox,2012,600,214,10.8,138,74,9.4,1991,21,24705,41,258.68,0.4877,2,None,None,0
Chicago White Sox,2011,526,210,27.6,119,77,9.4,1991,20,27091,39,249.60,0.5432,2,None,None,0
Chicago White Sox,2010,466,194,26.4,113,68,9.5,1991,19,28200,32,224.11,0.4877,1,None,None,0
Chicago White Sox,2009,450,196,13.8,126,72,9.5,1991,18,30496,30,214.61,0.5460,2,None,ALDS,0
Chicago Cubs,2018,2900,457,102.0,186,214,9.5,1914,104,39501,67,368.28,0.5679,1,None,NLCS,0
Chicago Cubs,2017,2675,434,84.0,189,203,9.5,1914,103,39906,51,312.32,0.6398,5,MVP,WS,1
Chicago Cubs,2016,2200,340,50.8,154,144,9.5,1914,102,36039,45,300.73,0.5988,2,Cy Young,NLCS,0
Chicago Cubs,2015,1800,302,73.3,111,113,9.5,1914,101,32742,44,304.64,0.4506,2,None,None,0
Chicago Cubs,2014,1200,266,27.3,129,117,9.5,1914,100,32626,45,298.20,0.4074,0,None,None,0
Chicago Cubs,2013,1000,274,32.1,137,132,9.5,1914,99,35590,46,300.29,0.3765,2,None,None,0
Chicago Cubs,2012,879,266,28.3,162,140,9.4,1914,98,37259,47,305.60,0.4383,1,None,None,0
Chicago Cubs,2011,773,258,23.4,157,146,9.4,1914,97,37814,53,329.74,0.4630,1,None,None,0
Chicago Cubs,2010,726,246,25.5,151,137,9.5,1914,96,39611,48,305.00,0.5155,0,None,None,0
Chicago Cubs,2009,700,239,29.7,140,128,9.5,1914,95,40743,42,251.96,0.6025,5,None,NLDS,0
Boston Red Sox,2018,2800,453,86.0,209,192,4.6,1912,106,36021,60,345.88,0.5741,3,None,ALDS,0
Boston Red Sox,2017,2700,434,79.0,205,187,4.7,1912,105,36487,55,360.66,0.5741,4,Cy Young,ALDS,0
Boston Red Sox,2016,2300,398,43.2,208,176,4.7,1912,104,35564,52,350.86,0.4815,1,None,None,0
Boston Red Sox,2015,2100,370,49.2,182,172,4.7,1912,103,36495,52,350.78,0.4383,2,None,None,0
Boston Red Sox,2014,1500,357,25.3,186,179,4.6,1912,102,34979,53,336.99,0.5988,2,None,WS,1
Boston Red Sox,2013,1312,336,23.9,190,179,4.6,1912,101,37568,53,336.99,0.4259,1,None,None,0
Boston Red Sox,2012,1000,310,25.6,191,180,4.5,1912,100,37704,53,339.01,0.5556,4,None,None,0
Boston Red Sox,2011,912,272,-1.1,187,176,4.5,1912,99,37610,52,334.78,0.5494,3,None,None,0
Boston Red Sox,2010,870,266,40.0,145,171,4.5,1912,98,37811,50,326.45,0.5864,3,None,ALDS,0
Boston Red Sox,2009,833,269,25.7,165,176,4.5,1912,97,37633,50,320.71,0.5864,6,MVP,ALCS,0
New York Yankees,2018,4000,619,14.0,220,278,20.2,2009,9,38950,64,301.46,0.5617,3,None,ALCS,0
New York Yankees,2017,3700,526,39.0,241,248,20.0,2009,8,37820,52,337.20,0.5185,3,None,None,0
New York Yankees,2016,3400,516,13.0,241,259,20.0,2009,7,39430,52,337.20,0.5370,3,None,Wild Card,0
New York Yankees,2015,3200,508,8.1,241,269,19.9,2009,6,41995,52,337.20,0.5185,1,None,None,0
New York Yankees,2014,2500,461,-9.1,225,246,19.7,2009,5,40489,52,324.30,0.5247,2,None,None,0
New York Yankees,2013,2300,471,1.4,236,295,18.9,2009,4,43733,52,324.30,0.5864,3,None,ALCS,0
New York Yankees,2012,1851,440,10.2,227,292,18.8,2009,3,45107,52,338.32,0.5988,3,None,ALDS,0
New York Yankees,2011,1700,427,25.7,236,300,18.7,2009,2,46491,52,316.32,0.5864,4,None,ALCS,0
New York Yankees,2010,1600,441,24.9,240,319,18.9,2009,1,45918,73,410.88,0.6358,3,None,WS,1
New York Yankees,2009,1500,375,-3.7,236,217,18.9,1923,86,53070,41,259.84,0.5494,3,None,None,0
Baltimore Orioles,2018,1200,252,-26.0,183,54,2.8,1992,26,25042,30,187.80,0.4630,1,None,None,0
Baltimore Orioles,2017,1175,253,-2.1,162,59,2.8,1992,25,26819,30,183.34,0.5494,5,None,Wild Card,0
Baltimore Orioles,2016,1000,239,8.8,137,53,2.8,1992,24,29246,25,163.39,0.5000,4,None,None,0
Baltimore Orioles,2015,1000,245,31.4,122,60,2.8,1992,23,30426,25,173.39,0.5926,3,None,ALCS,0
Baltimore Orioles,2014,620,198,1.6,112,50,2.7,1992,22,29106,24,169.06,0.5247,5,None,None,0
Baltimore Orioles,2013,618,206,30.1,102,54,2.7,1992,21,25954,24,176.04,0.5741,3,None,ALDS,0
Baltimore Orioles,2012,461,179,13.1,104,42,2.7,1992,20,21672,24,174.10,0.4259,1,None,None,0
Baltimore Orioles,2011,411,175,25.5,90,41,2.7,1992,19,21395,23,172.18,0.4074,1,None,None,0
Baltimore Orioles,2010,376,171,19.4,94,45,2.7,1992,18,23545,23,163.68,0.3951,1,None,None,0
Baltimore Orioles,2009,400,174,27.2,91,47,2.6,1992,17,24376,24,165.40,0.4198,1,None,None,0
Toronto Blue Jays,2018,1350,274,-1.3,180,83,5.9,1989,29,39554,32,213.90,0.4691,1,None,None,0
Toronto Blue Jays,2017,1300,278,23.0,164,86,5.9,1989,28,41878,31,231.76,0.5494,5,None,ALCS,0
Toronto Blue Jays,2016,900,241,1.3,148,59,5.8,1989,27,34505,25,208.28,0.5741,3,MVP,ALCS,0
Toronto Blue Jays,2015,870,227,-17.9,154,48,5.7,1989,26,29327,23,217.69,0.5123,3,None,None,0
Toronto Blue Jays,2014,610,218,-14.9,135,56,5.7,1989,25,31316,25,229.84,0.4568,4,None,None,0
Toronto Blue Jays,2013,568,203,-4.8,108,45,5.6,1989,24,25922,25,216.89,0.4506,3,None,None,0
Toronto Blue Jays,2012,413,188,25.1,100,39,5.6,1989,23,22446,24,212.68,0.5000,1,None,None,0
Toronto Blue Jays,2011,337,168,3.6,101,34,5.5,1989,22,19173,24,208.21,0.5247,2,None,None,0
Toronto Blue Jays,2010,326,163,13.1,95,37,5.5,1989,21,23162,19,166.39,0.4630,3,None,None,0
Toronto Blue Jays,2009,353,172,3.0,110,42,5.5,1989,20,29627,28,230.46,0.5309,2,None,None,0
Tampa Bay Rays,2018,900,219,23.0,98,28,3.0,1990,28,15477,22,156.40,0.4938,2,None,None,0
Tampa Bay Rays,2017,825,205,32.0,80,28,2.9,1990,27,15879,21,154.16,0.4198,1,None,None,0
Tampa Bay Rays,2016,650,193,8.2,92,29,2.9,1990,26,15322,22,157.60,0.4938,2,None,None,0
Tampa Bay Rays,2015,625,188,7.9,94,33,2.9,1990,25,17858,21,170.02,0.4753,1,None,None,0
Tampa Bay Rays,2014,485,181,15.3,79,36,2.8,1990,24,18646,20,155.54,0.5644,2,None,ALDS,0
Tampa Bay Rays,2013,451,167,10.0,81,32,2.8,1990,23,19255,20,153.30,0.5556,2,Cy Young,ALDS,0
Tampa Bay Rays,2012,323,162,26.4,64,34,2.8,1990,22,18879,19,139.68,0.5617,3,None,None,0
Tampa Bay Rays,2011,331,166,6.8,88,39,2.7,1990,21,23025,20,141.00,0.5926,4,None,ALDS,0
Tampa Bay Rays,2010,316,156,15.7,80,34,2.7,1990,20,23148,18,165.40,0.5185,5,None,None,0
Tampa Bay Rays,2009,320,160,29.4,67,40,2.7,1990,19,22370,17,136.91,0.5988,3,None,WS,0
Detroit Tigers,2018,1225,277,-46.0,216,70,4.3,2000,18,28662,34,201.60,0.3951,1,None,None,0
Detroit Tigers,2017,1200,275,-36.0,210,73,4.3,2000,17,31173,29,214.52,0.5342,1,None,None,0
Detroit Tigers,2016,1150,268,11.0,169,79,4.3,2000,16,33655,29,213.03,0.4596,3,None,None,0
Detroit Tigers,2015,1125,254,-20.7,184,84,4.3,2000,15,36015,28,219.88,0.5556,3,None,ALDS,0
Detroit Tigers,2014,680,262,7.5,163,96,4.3,2000,14,38067,26,207.42,0.5741,5,MVP and Cy Young,ALCS,0
Detroit Tigers,2013,643,238,-0.4,143,98,4.3,2000,13,37383,31,233.49,0.5432,3,MVP,WS,0
Detroit Tigers,2012,479,218,8.4,122,81,4.3,2000,12,32618,29,207.28,0.5864,3,MVP and Cy Young,ALCS,0
Detroit Tigers,2011,385,192,-29.1,150,54,4.3,2000,11,30386,23,172.92,0.5000,3,None,None,0
Detroit Tigers,2010,375,188,-29.5,151,65,4.5,2000,10,31693,27,205.02,0.5276,3,None,None,0
Detroit Tigers,2009,371,186,-26.3,148,75,4.4,2000,9,39539,25,190.13,0.4568,1,None,None,0
Kansas City Royals,2018,1015,245,-17.0,168,64,2.2,2009,9,27412,28,233.30,0.4938,3,None,None,0
Kansas City Royals,2017,950,246,-0.9,156,70,2.1,2009,8,31577,27,202.52,0.5000,3,None,None,0
Kansas City Royals,2016,865,273,39.0,141,99,2.1,2009,7,33439,30,212.04,0.5864,5,None,WS,1
Kansas City Royals,2015,700,231,26.6,113,69,2.0,2009,6,24154,25,191.91,0.5494,2,None,WS,0
Kansas City Royals,2014,490,178,-6.5,102,35,2.0,2009,5,21614,20,172.32,0.5309,3,None,None,0
Kansas City Royals,2013,457,169,16.3,83,38,2.0,2009,4,21480,22,185.33,0.4444,1,None,None,0
Kansas City Royals,2012,354,161,28.7,69,35,2.0,2009,3,21290,19,159.80,0.4383,0,None,None,0
Kansas City Royals,2011,351,160,10.3,90,33,2.0,2009,2,19942,19,161.52,0.4136,0,None,None,0
Kansas City Royals,2010,341,155,8.9,94,37,2.0,2009,1,22196,19,161.52,0.4012,1,Cy Young,None,0
Kansas City Royals,2009,314,143,9.0,83,24,2.0,1973,36,19493,18,151.16,0.4630,0,None,None,0
Minnesota Twins,2018,1150,261,23.0,133,70,3.5,2010,8,25324,33,237.72,0.5247,3,None,Wild Card,0
Minnesota Twins,2017,1025,249,30.0,123,66,3.5,2010,7,24246,33,212.12,0.3642,1,None,None,0
Minnesota Twins,2016,910,240,18.5,125,73,3.5,2010,6,27408,33,229.36,0.5123,2,None,None,0
Minnesota Twins,2015,895,223,21.3,106,71,3.4,2010,5,27785,33,215.36,0.4321,2,None,None,0
Minnesota Twins,2014,605,221,30.2,97,79,3.4,2010,4,30588,33,221.36,0.4074,1,None,None,0
Minnesota Twins,2013,578,214,10.8,122,90,3.3,2010,3,34276,33,225.14,0.4074,1,None,None,0
Minnesota Twins,2012,511,213,16.8,121,101,3.3,2010,2,39113,33,213.16,0.3889,1,None,None,0
Minnesota Twins,2011,490,213,26.5,112,100,3.2,2010,1,39798,31,206.88,0.5802,1,None,ALDS,0
Minnesota Twins,2010,405,162,25.0,83,50,3.2,1982,28,29466,22,169.81,0.5337,2,MVP,ALDS,0
Minnesota Twins,2009,356,158,26.8,80,44,3.1,1982,27,28425,21,165.71,0.5399,2,None,None,0
Cleveland Indians,2018,1045,284,31.0,144,76,2.1,1994,24,25286,37,210.16,0.6296,5,Cy Young,ALDS,0
Cleveland Indians,2017,920,271,47.0,118,65,2.1,1994,23,19650,26,179.44,0.5839,3,None,WS,0
Cleveland Indians,2016,800,220,17.9,103,30,2.1,1994,22,17361,22,166.52,0.5031,1,None,None,0
Cleveland Indians,2015,825,207,8.9,101,30,2.1,1994,21,17746,21,162.24,0.5247,1,Cy Young,None,0
Cleveland Indians,2014,570,196,-1.9,101,31,2.1,1994,20,19419,20,157.36,0.5679,2,None,Wild Card,0
Cleveland Indians,2013,559,186,22.9,82,31,2.1,1994,19,19797,20,173.66,0.4198,2,None,None,0
Cleveland Indians,2012,410,178,30.2,69,34,2.1,1994,18,22726,19,170.96,0.4938,2,None,None,0
Cleveland Indians,2011,353,168,12.1,76,29,2.1,1994,17,17181,22,180.49,0.4259,1,None,None,0
Cleveland Indians,2010,391,170,10.1,91,37,2.1,1994,16,21805,22,180.49,0.4012,1,None,None,0
Cleveland Indians,2009,399,181,19.5,95,52,2.1,1994,15,26787,26,192.38,0.5000,2,None,None,0
Oakland Athletics,2018,1020,210,15.0,99,33,4.7,1996,32,18219,28,199.52,0.4630,1,None,None,0
Oakland Athletics,2017,880,216,26.0,108,33,4.6,1996,31,18784,24,198.84,0.4259,1,None,None,0
Oakland Athletics,2016,725,208,32.7,98,38,4.5,1996,30,21829,24,195.00,0.4198,2,None,None,0
Oakland Athletics,2015,725,202,20.8,102,42,4.5,1996,29,24736,23,200.36,0.5432,6,None,Wild Card,0
Oakland Athletics,2014,495,187,27.4,81,39,4.4,1996,28,22337,22,180.48,0.5926,2,None,ALDS,0
Oakland Athletics,2013,486,173,27.5,73,34,4.3,1996,27,20729,22,186.55,0.5802,1,None,ALDS,0
Oakland Athletics,2012,321,161,14.7,81,28,4.3,1996,26,18232,22,178.09,0.4568,1,None,None,0
Oakland Athletics,2011,307,161,23.2,75,29,4.2,1996,25,17511,22,179.16,0.5000,2,None,None,0
Oakland Athletics,2010,295,155,22.1,76,32,4.2,1996,24,17392,24,187.23,0.4630,1,None,None,0
Oakland Athletics,2009,319,160,26.2,77,43,4.2,1996,23,20559,29,206.80,0.4658,1,None,None,0
Texas Rangers,2018,1600,311,30.0,171,77,7.1,1994,24,30960,28,217.76,0.4815,1,None,None,0
Texas Rangers,2017,1550,298,19.0,180,75,7.0,1994,23,33462,24,204.56,0.5864,2,None,ALDS,0
Texas Rangers,2016,1225,275,-4.7,181,71,6.8,1994,22,30764,24,190.54,0.5432,1,None,ALDS,0
Texas Rangers,2015,1220,266,3.5,164,74,6.7,1994,21,33565,24,203.14,0.4136,2,None,None,0
Texas Rangers,2014,825,257,-4.9,161,83,6.6,1994,20,38759,23,196.13,0.5583,2,None,None,0
Texas Rangers,2013,764,239,-8.7,154,81,6.4,1994,19,42720,20,183.93,0.5741,7,None,Wild Card,0
Texas Rangers,2012,675,233,15.5,122,84,6.3,1994,18,36382,19,159.40,0.5926,5,None,WS,0
Texas Rangers,2011,561,206,22.6,87,65,6.2,1994,17,30928,21,167.60,0.5556,5,MVP,WS,0
Texas Rangers,2010,451,180,4.7,95,44,6.1,1994,16,26617,19,150.64,0.5370,2,None,None,0
Texas Rangers,2009,405,176,17.4,91,36,6.1,1994,15,24021,18,148.04,0.5370,3,None,None,0
Los Angeles Angels,2018,1800,334,25.0,188,95,13.1,1998,20,37279,30,194.02,0.4938,1,None,None,0
Los Angeles Angels,2017,1750,350,68.0,175,104,13.3,1998,19,37236,33,210.80,0.4568,1,MVP,None,0
Los Angeles Angels,2016,1340,312,41.7,162,90,13.3,1998,18,37195,28,190.16,0.5247,2,None,None,0
Los Angeles Angels,2015,1300,304,16.7,182,93,13.2,1998,17,38221,27,195.60,0.6049,2,MVP,ALDS,0
Los Angeles Angels,2014,775,253,5.8,151,84,13.2,1998,16,37278,28,196.16,0.4815,1,None,None,0
Los Angeles Angels,2013,718,239,-12.9,166,80,13.0,1998,15,37800,20,159.82,0.5494,3,None,None,0
Los Angeles Angels,2012,656,226,-1.0,152,79,12.9,1998,14,39090,17,129.50,0.5309,3,None,None,0
Los Angeles Angels,2011,544,222,11.8,136,79,12.8,1998,13,40134,19,131.80,0.4938,1,None,None,0
Los Angeles Angels,2010,521,217,12.0,133,72,12.8,1998,12,40005,20,141.18,0.5988,0,None,ALCS,0
Los Angeles Angels,2009,509,212,10.3,132,72,12.7,1998,11,41194,21,140.42,0.6173,3,None,ALDS,0
Seattle Mariners,2018,1450,288,-2.4,174,63,3.7,1999,19,26364,28,251.32,0.4815,2,None,None,0
Seattle Mariners,2017,1400,289,12.0,161,63,3.8,1999,18,27999,29,209.00,0.5309,1,None,None,0
Seattle Mariners,2016,1200,271,16.8,139,65,3.7,1999,17,27081,31,212.00,0.4691,2,None,None,0
Seattle Mariners,2015,1100,250,26.4,121,64,3.7,1999,16,25486,28,207.80,0.5370,4,None,None,0
Seattle Mariners,2014,710,210,5.3,104,56,3.6,1999,15,21747,28,203.78,0.4383,1,None,None,0
Seattle Mariners,2013,644,215,12.9,103,48,3.6,1999,14,21258,26,195.57,0.4630,0,None,None,0
Seattle Mariners,2012,586,211,2.3,120,49,3.5,1999,13,23411,26,183.59,0.4136,2,None,None,0
Seattle Mariners,2011,449,204,9.9,111,55,3.5,1999,12,25749,25,183.60,0.3765,1,None,None,0
Seattle Mariners,2010,439,191,10.5,119,63,3.4,1999,11,27105,25,184.62,0.5247,2,Cy Young,None,0
Seattle Mariners,2009,426,189,3.8,127,57,3.4,1999,10,28762,25,191.16,0.3765,1,None,None,0
Houston Astros,2018,1650,347,77.0,141,137,6.3,2000,18,29675,38,262.98,0.6235,4,MVP,WS,1
Houston Astros,2017,1450,299,76.0,125,87,6.5,2000,17,28477,37,242.00,0.5185,2,None,None,0
Houston Astros,2016,1100,270,66.6,107,73,6.3,2000,16,26587,32,220.28,0.5309,2,Cy Young,ALDS,0
Houston Astros,2015,800,175,21.6,70,48,6.2,2000,15,21628,28,215.90,0.4321,1,None,None,0
Houston Astros,2014,530,186,55.9,49,45,6.1,2000,14,20394,30,224.33,0.3148,0,None,None,0
Houston Astros,2013,626,196,24.7,82,46,6.0,2000,13,19849,30,224.33,0.3395,1,None,None,0
Houston Astros,2012,549,196,24.5,94,62,5.8,2000,12,25519,31,221.36,0.3457,1,None,None,0
Houston Astros,2011,474,197,14.4,109,67,5.7,2000,11,28784,29,212.16,0.4691,1,None,None,0
Houston Astros,2010,453,189,7.1,118,70,5.6,2000,10,31124,29,209.93,0.4568,1,None,None,0
Houston Astros,2009,445,194,17.0,111,78,5.5,2000,9,34744,29,215.43,0.5276,2,None,None,0
Philadelphia Phillies,2018,1700,329,91.0,119,84,6.1,2004,14,23523,42,260.14,0.4074,1,None,None,0
Philadelphia Phillies,2017,1650,325,88.0,126,84,6.0,2004,13,23644,42,258.50,0.4383,1,None,None,0
Philadelphia Phillies,2016,1235,263,-8.9,164,72,6.0,2004,12,22606,38,252.18,0.3889,1,None,None,0
Philadelphia Phillies,2015,1250,265,-39.0,198,89,6.0,2004,11,29924,38,258.18,0.4506,1,None,None,0
Philadelphia Phillies,2014,975,265,-20.9,178,111,6.0,2004,10,37190,38,257.16,0.4506,2,None,None,0
Philadelphia Phillies,2013,893,279,0.6,184,133,6.0,2004,9,44021,38,257.16,0.5000,3,None,None,0
Philadelphia Phillies,2012,723,249,-11.5,180,132,5.9,2004,8,45441,36,240.66,0.6296,5,None,NLDS,0
Philadelphia Phillies,2011,609,239,8.9,150,124,5.9,2004,7,44968,33,227.46,0.5988,3,Cy Young,NLCS,0
Philadelphia Phillies,2010,537,233,14.5,143,123,5.9,2004,6,44453,31,219.90,0.5741,5,None,WS,0
Philadelphia Phillies,2009,496,216,16.3,128,103,5.9,2004,5,42254,28,199.56,0.5679,2,None,WS,1
New York Mets,2018,2100,336,17.0,171,104,20.2,2009,9,30378,26,244.38,0.4321,1,None,None,0
New York Mets,2017,2000,332,32.0,156,111,20.0,2009,8,34440,26,223.56,0.5370,4,None,Wild Card,0
New York Mets,2016,1650,313,46.8,119,104,20.0,2009,7,31725,25,219.68,0.5556,1,None,WS,0
New York Mets,2015,1350,263,25.0,105,74,19.9,2009,6,26528,25,229.68,0.4877,1,None,None,0
New York Mets,2014,800,238,1.6,111,73,19.7,2009,5,26366,25,223.70,0.4568,2,None,None,0
New York Mets,2013,811,232,-2.4,115,82,18.9,2009,4,27689,27,230.44,0.4568,2,Cy Young,None,0
New York Mets,2012,720,225,-40.7,159,103,18.8,2009,3,29044,32,241.74,0.4753,2,None,None,0
New York Mets,2011,747,233,-6.2,139,123,18.7,2009,2,31602,32,226.88,0.4877,2,None,None,0
New York Mets,2010,858,268,26.2,152,164,18.9,2009,1,39118,37,258.97,0.4321,3,None,None,0
New York Mets,2009,912,261,23.5,157,144,18.9,1964,35,49902,34,251.19,0.5494,2,None,None,0
Washington Nationals,2018,1675,311,11.0,186,101,6.0,2008,10,31173,38,266.06,0.5988,5,Cy Young,NLDS,0
Washington Nationals,2017,1600,304,38.0,167,99,6.0,2008,9,30641,37,234.36,0.5864,5,Cy Young,NLDS,0
Washington Nationals,2016,1300,293,22.5,179,97,5.9,2008,8,32344,36,232.08,0.5123,2,MVP,None,0
Washington Nationals,2015,1280,287,41.4,153,92,5.9,2008,7,31844,35,227.96,0.5926,2,None,NLDS,0
Washington Nationals,2014,700,244,22.4,131,91,5.8,2008,6,32746,35,236.46,0.5309,2,None,None,0
Washington Nationals,2013,631,225,28.4,107,80,5.6,2008,5,29269,31,198.16,0.6049,4,None,NLDS,0
Washington Nationals,2012,480,200,26.1,94,61,5.5,2008,4,24256,31,196.34,0.4969,1,None,None,0
Washington Nationals,2011,417,194,36.6,85,60,5.4,2008,3,22569,31,215.52,0.4259,1,None,None,0
Washington Nationals,2010,387,184,33.5,84,59,5.3,2008,2,22435,31,215.52,0.3642,1,None,None,0
Washington Nationals,2009,406,184,42.6,75,65,5.3,2008,1,29005,25,195.50,0.3665,1,None,None,0
Miami Marlins,2018,1000,219,-53.0,143,27,5.6,2012,6,20295,28,229.02,0.4753,2,MVP,None,0
Miami Marlins,2017,940,206,-2.2,100,34,5.9,2012,5,21405,28,214.22,0.4907,4,None,None,0
Miami Marlins,2016,675,199,15.8,81,36,5.9,2012,4,21633,29,224.83,0.4383,2,None,None,0
Miami Marlins,2015,650,188,15.4,72,32,5.8,2012,3,21386,27,221.02,0.4753,2,None,None,0
Miami Marlins,2014,500,159,-8.0,65,31,5.7,2012,2,19584,29,230.05,0.3827,1,None,None,0
Miami Marlins,2013,520,195,-7.1,108,67,5.6,2012,1,27401,30,242.47,0.4259,1,None,None,0
Miami Marlins,2012,451,148,9.0,72,25,5.5,1987,25,18772,19,170.24,0.4444,1,None,None,0
Miami Marlins,2011,360,143,20.2,58,25,5.5,1987,24,18826,19,170.24,0.4938,2,None,None,0
Miami Marlins,2010,317,144,46.1,48,26,5.5,1987,23,18075,19,170.24,0.5370,2,None,None,0
Miami Marlins,2009,277,139,43.7,45,22,5.5,1987,22,16482,19,164.26,0.5217,2,None,None,0
Atlanta Braves,2018,1625,336,46.0,141,79,5.7,2017,1,30929,30,217.84,0.4444,1,None,None,0
Atlanta Braves,2017,1500,275,15.0,137,47,5.8,1997,20,24950,19,178.02,0.4224,1,None,None,0
Atlanta Braves,2016,1175,266,27.8,125,49,5.7,1997,19,24709,19,174.06,0.4136,1,None,None,0
Atlanta Braves,2015,1150,267,33.2,127,58,5.7,1997,18,29065,19,171.62,0.4877,3,None,None,0
Atlanta Braves,2014,730,253,38.4,106,61,5.6,1997,17,31465,17,170.78,0.5926,3,None,NLDS,0
Atlanta Braves,2013,629,225,12.4,109,50,5.5,1997,16,29878,17,171.74,0.5802,4,None,Wild Card,0
Atlanta Braves,2012,508,203,20.8,102,47,5.4,1997,15,29296,19,169.02,0.5494,5,None,None,0
Atlanta Braves,2011,482,201,22.2,97,46,5.3,1997,14,30989,17,157.69,0.5617,5,None,NLDS,0
Atlanta Braves,2010,450,188,1.5,111,42,5.3,1997,13,29304,17,157.69,0.5309,1,None,None,0
Atlanta Braves,2009,446,186,4.7,106,44,5.3,1997,12,31270,17,157.19,0.4444,2,None,None,0
St. Louis Cardinals,2018,1900,319,40.0,165,129,2.8,2006,12,42572,35,257.16,0.5123,2,None,None,0
St. Louis Cardinals,2017,1800,310,41.0,173,127,2.8,2006,11,42525,35,243.96,0.5309,2,None,None,0
St. Louis Cardinals,2016,1600,300,59.8,145,129,2.8,2006,10,43468,34,236.81,1.6129,6,None,None,0
St. Louis Cardinals,2015,1400,294,73.6,133,133,2.8,2006,9,43712,34,233.86,0.5556,4,None,NLDS,0
St. Louis Cardinals,2014,820,283,65.2,133,136,2.8,2006,8,41602,33,230.94,0.5988,6,None,NLCS,0
St. Louis Cardinals,2013,716,239,19.9,134,108,2.8,2006,7,40273,32,224.76,0.5432,6,None,WS,0
St. Louis Cardinals,2012,591,233,25.2,123,112,2.7,2006,6,38197,31,223.18,0.5556,3,None,NLCS,0
St. Louis Cardinals,2011,518,207,19.8,110,95,2.7,2006,5,40756,30,216.56,0.5309,5,None,WS,1
St. Louis Cardinals,2010,488,195,12.8,111,94,2.7,2006,4,41275,29,214.72,0.5617,3,MVP,None,0
St. Louis Cardinals,2009,486,195,6.6,120,92,2.7,2006,3,42382,29,217.28,0.5309,2,MVP,NLDS,0
Milwaukee Brewers,2018,1030,255,67.0,85,66,1.6,2001,17,31282,27,210.40,0.5309,1,None,None,0
Milwaukee Brewers,2017,925,239,58.0,85,58,1.5,2001,16,28575,26,190.28,0.4506,1,None,None,0
Milwaukee Brewers,2016,875,234,27.0,116,64,1.5,2001,15,31390,26,182.28,0.4198,2,None,None,0
Milwaukee Brewers,2015,875,226,11.3,126,65,1.5,2001,14,34536,25,176.84,0.5062,4,None,None,0
Milwaukee Brewers,2014,565,197,6.8,103,56,1.5,2001,13,31248,25,176.80,0.4568,2,None,None,0
Milwaukee Brewers,2013,562,201,9.0,113,66,1.5,2001,12,34955,24,171.52,0.5123,1,None,None,0
Milwaukee Brewers,2012,449,195,19.3,105,71,1.5,2001,11,37918,22,160.40,0.5926,3,MVP,NLCS,0
Milwaukee Brewers,2011,376,179,12.4,100,59,1.5,2001,10,34278,22,160.40,0.4753,3,None,None,0
Milwaukee Brewers,2010,351,171,10.2,100,62,1.5,2001,9,37499,21,145.92,0.4938,3,None,None,0
Milwaukee Brewers,2009,347,173,11.8,101,61,1.5,2001,8,37882,20,141.52,0.5556,3,None,NLDS,0
Pittsburgh Pirates,2018,1260,258,35.0,118,60,2.6,2001,17,23697,30,178.72,0.4630,1,None,None,0
Pittsburgh Pirates,2017,1250,265,51.0,115,70,2.4,2001,16,27768,30,195.84,0.4845,2,None,None,0
Pittsburgh Pirates,2016,975,244,35.3,111,58,2.4,2001,15,30847,20,175.95,0.6049,4,None,Wild Card,0
Pittsburgh Pirates,2015,900,229,43.6,92,54,2.4,2001,14,30155,18,169.28,0.5432,3,None,Wild Card,0
Pittsburgh Pirates,2014,572,204,21.8,88,54,2.4,2001,13,27862,17,164.84,0.5802,5,MVP,NLDS,0
Pittsburgh Pirates,2013,479,178,26.8,69,40,2.4,2001,12,25826,16,152.41,0.4877,2,None,None,0
Pittsburgh Pirates,2012,337,168,16.1,75,35,2.4,2001,11,23956,15,127.71,0.4444,3,None,None,0
Pittsburgh Pirates,2011,304,160,24.6,61,27,2.4,2001,10,19919,15,126.56,0.3519,1,None,None,0
Pittsburgh Pirates,2010,289,145,15.6,67,24,2.4,2001,9,19480,15,135.06,0.3851,2,None,None,0
Pittsburgh Pirates,2009,288,144,15.9,65,26,2.4,2001,8,19865,17,146.32,0.4136,1,None,None,0
Cincinnatti Reds,2018,1010,243,14.0,118,46,2.1,2003,15,22678,22,191.06,0.4198,2,None,None,0
Cincinnatti Reds,2017,915,229,16.0,120,48,2.1,2003,14,23384,22,166.54,0.4198,2,None,None,0
Cincinnatti Reds,2016,905,237,9.0,134,63,2.1,2003,13,29870,22,166.62,0.3951,2,None,None,0
Cincinnatti Reds,2015,885,227,2.2,130,64,2.1,2003,12,30576,22,168.12,0.4691,4,None,None,0
Cincinnatti Reds,2014,600,209,-11.6,127,62,2.1,2003,11,31151,21,165.39,0.5556,3,None,Wild Card,0
Cincinnatti Reds,2013,546,202,20.9,102,56,2.1,2003,10,28978,20,165.94,0.5988,3,None,NLDS,0
Cincinnatti Reds,2012,425,185,17.3,97,50,2.1,2003,9,27328,21,162.24,0.4877,4,None,None,0
Cincinnatti Reds,2011,375,179,20.1,89,46,2.1,2003,8,25439,19,151.26,0.5617,3,MVP,NLDS,0
Cincinnatti Reds,2010,331,166,17.8,85,38,2.1,2003,7,21579,19,144.76,0.4815,1,None,None,0
Cincinnatti Reds,2009,342,171,17.0,93,45,2.1,2003,6,25415,19,167.14,0.4568,1,None,None,0
Los Angeles Dodgers,2018,3000,522,68.0,261,188,13.1,1962,56,46492,38,268.02,0.6420,5,None,WS,0
Los Angeles Dodgers,2017,2750,462,-21.0,275,148,13.3,1962,55,45720,32,234.10,0.5617,2,None,NLCS,0
Los Angeles Dodgers,2016,2500,438,-73.2,346,130,13.3,1962,54,46479,29,218.94,0.5679,5,None,NLDS,0
Los Angeles Dodgers,2015,2400,403,-12.2,268,123,13.2,1962,53,46696,29,217.69,0.5802,4,MVP and Cy Young,NLDS,0
Los Angeles Dodgers,2014,2000,293,-80.9,243,112,13.2,1962,52,46216,22,204.95,0.5679,1,MVP,NLCS,0
Los Angeles Dodgers,2013,1615,245,3.2,137,83,13.0,1962,51,41040,23,213.36,0.5309,1,None,None,0
Los Angeles Dodgers,2012,1401,230,1.4,127,88,12.9,1962,50,36236,31,226.36,0.5062,3,MVP,None,0
Los Angeles Dodgers,2011,800,246,32.8,118,107,12.8,1962,49,43979,30,221.64,0.4938,4,None,None,0
Los Angeles Dodgers,2010,727,247,33.1,124,116,12.8,1962,48,46440,30,221.64,0.5864,2,None,NLCS,0
Los Angeles Dodgers,2009,722,241,16.5,138,115,12.7,1962,47,46056,30,229.14,0.5185,1,None,NLCS,0
Colorado Rockies,2018,1100,266,15.0,148,73,2.8,1995,23,36465,25,198.06,0.5370,3,None,Wild Card,0
Colorado Rockies,2017,1000,248,27.0,127,61,2.8,1995,22,32130,24,193.96,0.4630,2,None,None,0
Colorado Rockies,2016,860,227,5.5,129,54,2.7,1995,21,30948,24,196.60,0.4198,3,None,None,0
Colorado Rockies,2015,855,214,12.6,114,58,2.7,1995,20,33090,24,201.60,0.4074,2,None,None,0
Colorado Rockies,2014,575,197,13.7,96,58,2.6,1995,19,34492,24,196.60,0.4568,3,None,None,0
Colorado Rockies,2013,537,199,18.7,96,53,2.6,1995,18,32475,21,184.20,0.3951,1,None,None,0
Colorado Rockies,2012,465,194,14.6,102,28,2.5,1995,17,35923,20,161.00,0.4506,1,None,None,0
Colorado Rockies,2011,414,188,16.3,97,55,2.5,1995,16,35497,20,161.00,0.5123,1,None,None,0
Colorado Rockies,2010,384,183,20.1,95,62,2.5,1995,15,32902,20,161.00,0.5679,1,None,NLDS,0
Colorado Rockies,2009,373,178,24.5,86,53,2.5,1995,14,32719,20,160.00,0.4568,2,None,None,0
San Diego Padres,2018,1270,266,26.0,102,55,3.1,2004,14,26401,25,192.12,0.4383,1,None,None,0
San Diego Padres,2017,1125,259,23.0,143,55,3.3,2004,13,29030,24,182.82,0.4198,2,None,None,0
San Diego Padres,2016,890,244,32.9,122,48,3.2,2004,12,30367,16,153.45,0.4568,1,None,None,0
San Diego Padres,2015,890,224,35.0,102,43,3.2,2004,11,27103,16,153.45,0.4753,0,None,None,0
San Diego Padres,2014,615,207,33.0,87,40,3.1,2004,10,26749,16,151.94,0.4691,0,None,None,0
San Diego Padres,2013,600,189,29.9,80,35,3.1,2004,9,26219,16,150.66,0.4691,0,None,None,0
San Diego Padres,2012,458,164,23.3,67,61,3.1,2004,8,26457,15,125.81,0.4383,1,None,None,0
San Diego Padres,2011,406,159,37.2,51,34,3.0,2004,7,26318,15,120.60,0.5556,2,None,None,0
San Diego Padres,2010,408,157,32.1,59,42,3.0,2004,6,23699,20,172.04,0.4630,2,None,None,0
San Diego Padres,2009,401,174,22.9,86,67,3.0,2004,5,29970,27,201.72,0.3889,1,None,None,0
Arizona Diamondbacks,2018,1210,258,34.0,118,49,4.6,1998,20,26350,19,145.58,0.5741,3,None,NLDS,0
Arizona Diamondbacks,2017,1150,253,47.0,111,45,4.5,1998,19,25138,19,132.10,0.4259,1,None,None,0
Arizona Diamondbacks,2016,925,223,17.4,103,44,4.4,1998,18,25681,18,126.89,0.4877,2,None,None,0
Arizona Diamondbacks,2015,840,211,-2.2,125,42,4.3,1998,17,25602,18,126.89,0.3951,2,None,None,0
Arizona Diamondbacks,2014,585,192,-5.8,106,45,4.3,1998,16,26357,17,122.53,0.5000,2,None,None,0
Arizona Diamondbacks,2013,584,195,7.6,103,44,4.2,1998,15,26884,16,145.94,0.5000,1,None,None,0
Arizona Diamondbacks,2012,448,186,27.4,86,45,4.2,1998,14,25993,16,120.96,0.5802,2,None,NLDS,0
Arizona Diamondbacks,2011,396,180,6.2,102,39,4.1,1998,13,25391,14,115.24,0.4012,1,None,None,0
Arizona Diamondbacks,2010,379,172,-0.6,106,41,4.2,1998,12,26281,14,114.24,0.4321,2,None,None,0
Arizona Diamondbacks,2009,390,177,3.9,108,47,4.2,1998,11,30987,16,162.84,0.5062,2,None,None,0
San Francisco Giants,2018,2850,445,84.0,198,180,4.7,2000,18,40786,46,271.70,0.3951,1,None,None,0
San Francisco Giants,2017,2650,428,78.0,193,180,4.6,2000,17,41546,36,255.04,0.5370,3,None,NLDS,0
San Francisco Giants,2016,2250,409,72.6,198,172,4.5,2000,16,41678,34,241.13,0.5185,4,None,None,0
San Francisco Giants,2015,2000,387,68.4,176,165,4.5,2000,15,41589,32,239.51,0.5432,1,None,WS,1
San Francisco Giants,2014,1000,316,53.3,153,129,4.4,2000,14,41087,30,237.87,0.4691,1,None,None,0
San Francisco Giants,2013,786,262,17.6,148,129,4.3,2000,13,41696,27,224.32,0.5802,4,MVP,WS,1
San Francisco Giants,2012,643,230,9.0,137,110,4.3,2000,12,41819,25,208.15,0.5309,2,None,None,0
San Francisco Giants,2011,563,230,29.9,114,107,4.2,2000,11,37499,29,220.66,0.5679,1,None,WS,1
San Francisco Giants,2010,483,201,23.5,106,82,4.2,2000,10,35335,23,222.63,0.5432,1,Cy Young,None,0
San Francisco Giants,2009,471,196,22.4,103,78,4.2,2000,9,35356,22,183.74,0.4444,1,Cy Young,None,0
